0,1,2,3,4,5,6,7,8,9,10,11,12,13,14,15,16,17,18,19,20,21,22,23,24,25,26,27,28,29,30,31,32,33,34,35,36,37,38,39,40,41,42,43,44,45,46,47,48,49
0.0,0.0,0.0,0.0,0.0,0.0,0.0,0.0,0.0,0.0,0.0,0.0,0.0,0.0,0.0,0.0,0.0,0.0,0.0,0.0,0.0,0.0,0.0,0.0,0.0,1.0,0.0,0.0,0.0,0.0,0.0,0.0,0.0,0.0,0.0,0.0,0.0,0.0,0.0,0.0,0.0,0.0,0.0,0.0,0.0,0.0,0.0,0.0,0.0,0.0
0.0,0.08474120548578942,-0.0819841566187246,0.05150586506816922,0.06563362968167774,0.06957647419695309,0.08935418133072012,0.07968619436850025,0.13585504355188766,0.16429659828085647,0.08451168508119346,0.05688417795475488,0.025634405765122895,0.23001797436609517,0.12427378015219373,0.16821613095842014,-0.21215228437294756,0.23030214588832765,0.07639560572851413,0.14659477434665494,0.04087551754872122,0.056495699787682395,0.07901890912758802,0.03298428436049926,0.8480062680072142,0.2011122925401047,0.4934156400419397,0.08099238060667947,0.10332724056690451,-0.14035465406540074,-0.013980370570629869,-0.04868718003797792,0.03978727909020955,0.15438500761999802,0.08985187025059409,0.1795446943041451,0.10242542012623046,0.1595754975305092,0.14920504639864424,0.024444619379243873,0.15718724983451227,0.009255314344486024,0.13570799089155375,0.11254756381929304,0.21351740135542022,0.12513370108024963,0.09078884383069621,0.16639953944836655,0.16377195216871132,0.0
0.0,0.1610116635900784,0.2231135389780592,0.1138596289488463,0.1901259216547782,0.2356780749897699,0.37138733361761717,0.06352270272863489,0.2726844582552475,0.2610010741742137,0.39137500260030444,0.19229769167711533,0.17071251387025688,0.4072893642153623,0.43022718381487185,0.21608619153241357,0.11744093337128486,0.17441051571383256,0.3023741863101033,0.19598625092725613,0.39223935230714035,0.3068412383395949,0.1256745381535596,0.6363302323159946,0.21157761528231042,0.7454454659530925,0.1851245542230903,0.390371234962285,0.061241849212666885,0.12017867138469297,-0.07582292303891466,0.07543923784606231,0.298360554614726,0.41158974551390387,0.3495816824463488,0.4527955684916278,0.24934511844952237,0.14887853166867454,0.3609957216054444,0.31266190605850536,0.1698988760093909,0.25281450870590255,0.11840864174005959,0.32536438346370405,0.24398481043064912,0.4625439755923671,0.16739532204613844,0.4166684982768975,0.2844778523298706,0.0
0.0,0.2513958326391736,0.23929814162561552,0.4873227071408405,0.30608855604388185,0.43803104383483793,0.1803065610540732,0.5628281038988507,0.38102230010314375,0.38005656072016536,0.3289762436044789,0.43206290842254763,0.36930923420708545,0.1589259747236284,0.18386966550850536,0.4385474292440736,0.46703647554080785,0.2727677854261218,0.3286955379539763,0.1916639752831245,0.21296776967302794,0.16450487596253413,0.6843764634883016,0.0027092043266680813,0.9399085345457227,-0.01476139888080756,0.7428481485868195,0.10534446004573676,0.4883539531344941,0.12597166543568877,0.2081399237169535,0.2925177832192473,0.27665530308093134,0.18400156285457994,0.3991998868923701,0.47726678992445015,0.3549555533310933,0.4949770346475918,0.325839962026454,0.4638980847449008,0.3751476035869922,0.30290248460284896,0.33201621295918604,0.3455057410739316,0.5246136149297513,0.3059108922010318,0.5216640363439562,0.37773158741802376,0.271075562483508,0.0
0.0,0.16627505248429683,0.381992051963743,0.12544080506569905,0.5442173760965195,0.25530371932313173,0.6469542865621465,0.28753137212423985,0.6210432516466478,0.5408621746340211,0.5818565802119502,0.30964537851562773,0.36980877281829194,0.29327304388074377,0.4469299614737764,0.3958454591372082,0.3464458158384627,0.4650516361686711,0.44085970712085,0.492696284163243,0.23578282395088596,0.5870309308476152,0.07314126365100862,0.7356322991683312,0.09972107570794944,0.9532711924346556,-0.10071430200174307,0.7284538890948595,0.01622100747533156,0.5317249755301319,0.36838545624690205,0.3414943305319888,0.24312062570752122,0.3311208130278733,0.43215388536156474,0.20784306732400248,0.39403048071749386,0.2547422955872225,0.34024587939233103,0.20775018002769685,0.2784759148967169,0.4168621923532324,0.28525117072347556,0.6560667290866059,0.0900252223637543,0.7323636607892362,0.24250547794209132,0.37648258536516555,0.2124723921505516,0.0
0.0,0.3296041583880769,0.10750597608606022,0.528068899277926,0.09948504956586315,0.8725893476838865,0.2783175447731269,0.8378375152229885,0.3331188031489769,0.37417841122346335,0.31378824202244615,0.4243905066745635,0.48536966019966615,0.4045255775013337,0.3152375969442075,0.43616587239570814,0.5162013058688592,0.3119476697812503,0.5058995870927085,0.1287169405679553,0.6557015407224294,-0.023471844361970445,0.7588197723622715,0.14258078509863054,1.0580971091559317,0.42562807864585966,0.7774343848030214,-0.20543717354723298,0.7055943486210156,0.14725644452673808,0.5177990617560384,0.39166467697328705,0.46726511150536887,0.45934775355712704,0.17318214564613632,0.64317980936782,0.3162174076595661,0.7328455099218103,0.39330024190713103,0.4692498848024845,0.5762064193713906,0.20170221841537472,0.5076916175154759,0.16887469849249687,0.9023230157504601,0.2261244409382905,0.5649482222485805,0.2772265061962671,0.3648147437323304,0.0
0.0,0.2482175571717403,0.643338935600783,0.09567650932270705,0.7956513922398166,0.3598579540714077,1.1729484716962613,0.4099724072508079,0.7183012002709918,0.4527384333033979,0.5037149766813234,0.43402225456815635,0.498750508566809,0.427934858244117,0.4699694771057561,0.3906690637194762,0.3338233609576781,0.6271687948265641,0.051974170100888575,0.9377159615164463,0.12547549305465244,0.710564415000879,-0.010289336000579782,1.2066925187979498,0.4749183496915605,0.9527163976010723,0.1701571117670576,0.5852258293507512,-0.17137461846425112,0.7895400928928733,0.3436283746676507,0.5375558284846861,0.6649018328348764,0.298937891015803,0.6561521489315869,0.03217268588206842,0.7635100893367273,0.27333788382210905,0.6250657463473707,0.49305550720002556,0.1362109820242409,0.6153952831296595,0.16490132711832456,0.8444826430962764,0.41638314661940523,0.8680846277743501,0.2560998359860104,0.7261251486511235,0.1121829677110309,0.0
0.0,0.3747297390587949,0.15568085115853225,0.8107122334473458,0.27307845239461603,1.087191685736716,0.8626559191855718,1.1120342136735224,0.5134634246413989,0.47772413645359124,0.4596599612323991,0.5919155444708398,0.4951441030883131,0.4779180122620039,0.2590097880970854,0.43172464862193677,0.6964824066002474,-0.08135229192100708,1.0091618507390414,0.309767244028485,0.751359567698602,0.06139051428213423,0.8809948073718609,0.3331318508029076,1.01011804117756,0.36302791846042515,1.0151157677034177,-0.057713546133090966,0.6100367368106553,0.020491340700711836,0.781336602951878,0.24256086376181005,0.26842740124998565,0.7020740031698569,0.2772886389388018,0.7559851867070312,0.04151295055389156,0.8162809836399213,0.316316617671014,0.19343957815658822,0.5880992569413183,0.06464738065868882,0.8905905391094122,0.18641647592461016,0.7155768624147368,0.539319182117765,0.8542590793674483,0.16792009940462554,0.4381129524240964,0.0
0.0,0.13649020634246348,0.7844099057229021,0.22932030751186128,0.9058721177061825,0.8219142663573625,0.9700493680189433,0.9566330027652985,0.809181798374325,0.4654224691320974,0.6023498509087273,0.2709935411723263,0.5132545514467178,0.5305731886127267,0.5976068475441102,0.2352165678305835,0.04473940463186472,0.8619333312594015,0.31123830180769196,1.0820191520860185,0.2525026241873138,1.0077628414276807,0.24156495029543928,1.0782617162150887,0.41491404205620386,0.9529157917018173,0.4420456189839726,0.7550564076110998,-0.027760999070725524,0.7073664712721017,0.12357422182012175,0.4959444489710825,0.7713364278834077,0.31402195566221797,0.8195517447939183,0.2311524826946438,0.9351444448383757,0.18920360574314218,0.527794107218045,0.5218258493427279,0.0013868349085344664,0.7799008771874183,0.21558317274268404,1.0355224097767377,0.3490223822765903,0.6268899656501494,0.4372261014029098,0.7075351151824948,0.27571725642930445,0.0
0.0,0.6994098563032101,-0.05693830539436058,0.9907994369207296,0.5736593340998587,0.9581611975348793,1.0385202508724125,1.0400838666494858,0.604571870673059,0.6334617526221905,0.24034198429244175,0.5461016154709185,0.3439840247410933,0.5009523503031125,0.11992258317780485,0.5051355300990734,0.701955986952998,0.36731893756635764,1.3073338968023704,0.6437929193452637,1.1552640156236778,0.46673194985768585,1.1141919369742717,0.6865045862195219,0.8689632613258883,0.6741940168254613,0.714349142541742,0.10615153743843955,0.8563594899810633,0.010389743779837098,0.7582511719908701,0.32739867371512466,0.3851410662527439,0.9857413364260311,0.20388826557138154,1.0738150632594752,0.26521221025511577,0.9120547242843616,0.29025766700459515,0.2627167261115763,0.7140411610717569,0.1300031265897203,1.1682085048459208,0.4455878254799818,0.9247039307066152,0.2404012532654288,0.6462190592890935,0.2684229060283634,0.43368684249285805,0.0
0.0,-0.027272471933000815,0.9635660154371891,0.4603184272540767,1.0059759256712264,1.0941978751657506,1.2763257553192622,1.0480983980251286,0.7884482604948976,0.2053932750377852,0.7768228607198846,0.10447280129700987,0.5967763291384152,0.11032606969749383,0.6765327434932933,0.46320735457632656,0.3726886108280476,0.8898500539552772,0.6339393607941612,1.1312503616955574,0.8517664832788763,1.093158753759106,0.6843068043108915,0.8501501003826403,0.851128848430228,0.620362496472973,0.3444451063580749,0.9867147289956867,0.16138924447990227,0.8218145974891113,0.2613610670621567,0.7339307536486493,0.4951318965937801,0.5590922248557948,1.2650694872387318,0.42886902258994786,1.0152406822808357,0.39710977788141444,0.674023070884315,0.5251007340121935,0.058118857690835204,0.9762086993229231,0.5495879891529087,1.0731341236968903,0.6661529688690981,0.9618723470617074,0.10385616175826651,0.7356846127079061,0.03036385912065955,0.0
0.0,0.48089738316252667,0.31755160851087094,1.1735572159025802,1.0393835982157287,1.310844896614155,1.181172987664125,1.3661624459019952,0.612209988802074,0.8156868901694476,0.1390713442222952,0.8389592858199231,-0.07251102873431806,0.8885269631006057,0.370618881539496,0.48611208351993385,0.8000441119539915,0.7251015238723438,0.7639736035787155,1.075264063417822,1.067787694391522,1.0399321750064305,0.8950213807207841,0.9774718345037151,0.8609531999902048,0.46697728231175295,0.5750319310337294,0.36480175648966584,1.047286680674651,0.09008235653565055,0.8641537781372661,0.34200780243265344,0.6488199969522398,0.7390051149067486,0.652811228485637,1.233790550034936,0.7647798509212694,0.6849238360834593,0.5101673299222526,0.26617179193646046,1.0166619312716239,0.32199866505470726,0.7788150490359596,0.9525979100755879,0.9279696544399123,0.44739350038568887,1.0373371644483202,-0.0589021254695807,0.3968939679727452,0.0
0.0,0.11493261074802383,0.9273184521673685,0.9134889752403806,1.4390652896114695,1.6559734153692631,1.4918796627523705,1.327313143489332,1.0091525382514637,0.1462074905072093,0.9888101606914075,0.1743039681566662,0.9057236004823709,0.29591106194858036,0.7043890767396105,0.6196688317878395,0.7381462276970071,0.763814213840471,0.8796588328406213,1.2184306177794124,1.1624473978679108,1.2309862431718883,1.0646185895835625,1.0977007047091067,0.945982555383851,0.7847745500036027,0.37285285872409896,0.7952100350325424,0.46233464008983577,0.9899757274768918,0.23476057877249823,0.9049417207001059,0.5720569376252269,0.5311862741919654,1.0757394162872356,0.9266041534896923,1.0328217911031419,0.4732210853442232,0.31613703703201873,0.9336568033053848,0.5573245862764564,0.9188198683237625,0.5528129437809519,0.974961017127941,0.9175879546152282,0.9736445818814135,0.26182458863125113,0.8780721636735769,-0.0192460884755679,0.0
0.0,0.6548713070309206,0.6259778570816066,1.3379855319831477,1.6821226513483738,1.8169082996126737,1.7351059343695558,1.4111914205776908,0.8326653911496569,1.2939191029090809,0.3712110698963368,1.0071849627017015,0.5437144576520908,0.9727706993530476,0.5108429217476237,0.6232768818354225,0.6128494817672924,0.959608949759716,1.0675626139643737,1.174439957901341,1.4154138447054332,1.2289648976950494,1.2932780879877022,1.3640569717809854,1.3131154150737743,0.6618654884430991,0.7941248452523705,0.5350051080715141,0.7961117404680467,0.5117940151168557,1.029247982281446,0.4269140355069086,0.6653963561382831,0.8707313736362063,0.9599915009026843,1.172770116923569,1.0434230138725318,0.6425974259799586,0.8024321213973056,0.5814686003909777,0.8221829982324018,0.8020021860741939,0.9343567976459091,0.8128504257323604,1.2588395507448926,0.8114570465784738,0.9990939340588835,0.21259381485751178,0.5000678990954295,0.0
0.0,0.31646574368956104,0.8760795824940119,1.5731220797800887,2.0358697092035625,2.4132416972555926,2.251434777295257,1.6516463019085434,1.3898737540108552,0.7345505602364281,1.186877421870756,0.568761070758766,1.1310646858289057,0.8211254429098153,0.806396806135028,0.5445982684968126,0.8335041533467877,0.969382043518125,1.3715752865350797,1.491360561102867,1.547655929225387,1.5167443557996079,1.5948560085159746,1.7085214748602144,1.3272879051144881,1.0116557575218192,0.5861230908682361,0.5440745029696351,0.5398200705682785,1.0100650101626778,0.8261215727122485,0.7530377086417466,0.6784963330954257,0.6605443788838629,1.1590627101982574,1.2889898023937003,1.1179720123147971,0.8011420487870975,0.592124275724626,0.9779844131089911,0.6109529582468054,0.742034396788014,0.8829910912166494,1.0438144632248156,1.173047439177668,0.9938749787564648,0.7392023226007172,0.9563106672016787,0.11945926263629314,0.0
0.0,0.5859404089664357,0.9380534318375144,1.6683602857973117,3.2994087279511004,4.411958741059215,3.6914875055046,2.2605107556630215,1.711575713217714,1.23673098505713,1.1208211273652038,1.026380619586109,1.0301591999891284,0.8716692840675768,0.7348945270975134,0.7073763356529681,0.9294085330959735,1.3555306258073359,1.4932043491809917,1.7316272718377579,1.837389279384187,1.9521905695485036,1.9165541731528861,1.9052763743027212,1.5019713464090418,1.1441305767064855,0.520259885547663,0.4390456777525003,0.7845647145965253,0.9304490296044674,0.8300152143973352,0.5809769689977159,0.564127156765408,0.913781570557952,1.1140852517419253,1.407597979064389,1.4343400657236516,0.8538694089012464,0.7878371493640481,0.8612329166933544,0.7381563236436651,0.6853345332062502,1.0709504722651282,1.201947494027049,1.2931196786254382,0.9953399339197229,0.8925658046350927,0.6810026358618521,0.6491425255916492,0.0
0.0,0.4556585194205756,1.1507110415449826,2.575713240310465,9.19724875748467,18.735189118431897,11.819027481246405,4.703092441545664,2.5346694355958315,1.8343373815955348,1.4609891875981962,1.36036600641464,1.2519770315732266,0.8691488603946995,0.7471441517857906,0.7516506314152875,1.2821157859170051,1.5470346160394124,1.7826911677807311,2.2735546067502685,2.620704404253334,3.168832499352139,3.0002300171276763,2.8198782890033023,1.7400958833960722,1.259978301682061,0.7412598415286398,0.6777482083244984,0.766426486175574,0.8974232859849061,0.7458919135429736,0.541989131051218,0.7161148132995877,0.855355585639654,1.3739137727519923,1.5896128063957848,1.2856877702099807,1.2510326356696793,0.9001867087492318,0.6008645329464488,0.6202192769457789,0.794587005031503,1.1730366915813557,1.594818886283259,1.5270984641696719,1.25280257469166,0.9197337770604191,0.9239279701472073,0.2871707560791164,0.0
0.0,0.6176133849507489,1.6219083073720895,7.761232727133698,157.885455360318,1010.4784508709254,327.95549496542947,25.552322902883716,5.732399011614629,2.7694227692212854,2.1292559327754863,1.694618595061495,1.3907806578874733,1.0403535101147114,0.7748088744802658,0.8866621859553768,1.5809625446549282,1.7919681461449126,2.6996894080760314,4.050821516267056,5.597875860114519,8.21649622676391,7.465769990580049,6.088719722355142,2.6894173384508715,1.373859117715497,0.924865256164872,0.691436937659454,0.6289426076404164,0.9191014572081142,0.5295614062581215,0.7327683875731623,0.8096010250612016,1.188410597532364,1.4411201664817457,1.7389272380730323,1.7219603976938564,1.5029326265364145,1.248756515030168,0.6114256223987061,0.5956954151974176,0.9528664008050546,1.4998002306026759,1.7302126948305687,1.8643651019165661,1.3384329040539136,1.199422210626309,0.6524720559556607,0.5136847496683875,0.0
0.0,0.7376183721881443,4.541750925571215,167.06019783628167,1509.1239499401754,1243.0416935614608,1518.0086667599417,1166.7585841108694,48.104367874533175,7.275033601885819,3.8352881695917174,2.300492573436617,1.491759391436335,1.2996631450733593,0.8383627208845865,1.291794269576374,1.8625181688281462,2.9971959750645483,6.10754830866292,15.93151128078812,37.77190701688543,110.85537286055887,84.71307578503782,46.659224789045304,6.68707947031976,2.0692000774248474,1.3169776563946027,0.8488989499272996,0.6619185609097781,0.8305644079935017,0.8589834067808287,0.5412189711107513,0.9139122634812847,1.4092219799813355,2.02652452106133,2.1721702572080455,2.2391045240247394,1.9991674799895403,1.3485651651012713,0.7513801163914677,0.756805502083435,1.1170043026056895,1.5171255847650529,2.0669981830759503,2.4698377102261224,1.7954084935605945,1.2532107132918737,0.8317949953247314,0.13339068785011882,0.0
0.0,2.1224858579804904,100.46407280347584,1756.6704021974483,1705.1889710622695,2513.72248419617,2205.047324588045,1783.0409785391187,1587.1736691789636,97.73997427233303,14.665029455778402,4.6806761965684895,1.790087375467349,1.450127414465982,1.4752389507920056,1.6101684071605857,2.872780516798936,8.448122448292938,51.28556321220005,805.2689019175576,1063.1469320226515,1061.2069073512132,1078.576337398871,1045.4762164935776,79.61308905733216,5.402028525029206,1.729909545240359,0.9533784239203618,0.7553025805731088,0.8583273726616502,0.868034841199308,0.87371833250874,1.1826665013556368,1.6545260934514667,3.2354543391296775,3.85905746550711,3.991519356157736,3.0744185956135417,1.6593301921461598,1.0351771125196163,1.049872981799549,1.3082029200009162,1.9289121283806623,3.483346241410044,4.211580222060025,2.615727840986532,1.8003224681526537,0.7140844853310515,0.4361079603114425,0.0
0.0,51.77757431819693,1879.3000873746687,1902.828101975484,3135.240789318985,2955.13056771817,3148.5908539790444,2896.047437925541,1940.635279756173,1800.7382839850272,660.3565312173962,26.556174334281412,3.8469514177872908,1.794961907391683,1.8425812787911338,2.711851738679995,9.022460875510816,140.64891651117136,1406.9365808564307,1557.2866480904613,1933.2110296719961,2071.031550569618,2053.368060483117,1579.340607876858,1525.3250394019008,69.18349271532415,3.725782890290214,1.4164782445743334,0.8938556297641677,0.7887735435520565,1.0754197277937503,1.0664506340194988,1.638523180590189,2.684696608150794,8.586279820843096,13.66510197583946,14.722181983137375,7.8161595609961,2.4043705823715955,1.526996074176557,1.4298583973413652,1.5123258738861223,3.5298607259186614,10.067819077907844,16.33562533593512,5.941422858874906,2.392501788636124,0.9987423676427236,0.33681936615777125,0.0
0.0,1939.52672335357,1977.4257333693176,3507.251335113923,3429.0499390121504,4142.002232813784,3925.6967002013807,3544.535125950828,3348.4705920202396,2300.6473076240804,1913.7302955496252,1332.0687565898602,24.073182329505926,3.5507995902428284,2.9508599880781494,8.498549304371602,210.6504101550952,1707.901398298188,1849.1902784317294,2670.0514483722213,2814.3494037887,2993.2762632376493,2825.1902420314264,2789.3607951743325,1824.5066628587133,1764.5297048538632,44.11755831274073,2.456730703733859,1.0375114166246149,1.019832942301561,1.1854797661292185,1.710248360962387,2.208826526902955,8.194797280355662,127.22955350125771,503.18450872231983,627.1266241191513,97.9673275400777,6.903219549433061,2.344981732951185,1.790640292203966,2.9414283570113122,13.293428823198212,203.90176401753573,853.3309691502964,47.89235046927764,5.594868759334193,1.4796151078672126,0.6541739562812682,0.0
0.0,1988.7569263508744,3723.5170255426897,3703.313873788824,4824.706902370337,4677.488791294161,4843.5166242856285,4637.219448642548,3922.6838961470535,3631.3291305591165,2816.412638288356,1968.987065938194,1668.0503914184235,20.89207345675546,10.27873925434381,222.4425209169153,1858.0019503213125,2030.0580889753394,3189.1824255908527,3331.723518964551,3831.928486706433,3819.826304052385,3891.3289190014543,3324.7429249055954,3277.1409956854445,1934.2946948829533,1883.5326231193699,24.805274934391893,2.036325782261696,1.3025368451828208,1.3742114547664588,2.2142899005369556,6.866803263133198,168.20317542193536,1255.682911513591,1377.3591324282147,1300.6864618253883,1317.198071557715,111.1788483000013,6.388807811410503,3.5176198069073026,12.01882244508093,555.5999882886597,1433.549961745554,1125.930685952124,1429.4940132431943,56.306469362754804,3.2275280500833268,0.7714189001420799,0.0
0.0,2861.814019196744,3846.068091079664,5274.204616924009,5190.491689245825,5834.16150689613,5657.537152303539,5383.104349171015,5134.399259274758,4369.959571646321,3800.241915553009,3242.1912455880374,1994.9887433041763,1839.3068509423276,328.35378871408085,1933.8974779738894,2126.2867027729703,3523.702586164575,3681.219893890028,4510.664251892713,4575.972531049437,4861.784908992546,4572.464997108478,4584.446114494586,3629.6317222250473,3580.476623153132,1979.6429542512096,1942.816917688019,14.502124586647383,1.9648863509020826,1.9630389431631277,6.0023812239737,145.23558780323464,1631.5404135194344,1772.9559804184632,2278.3373101322795,2347.2911368895584,1705.8776258125458,1661.9572011900543,105.52054542488432,16.435064638384244,612.5183737312223,1722.7867245753262,1840.9227853779694,2431.5763199923394,1591.167210818181,1716.422864415223,34.20492339812277,1.7990417324365748,0.0
0.0,2922.996742470372,5068.193150473686,5518.526751907124,6554.262506881755,6424.39465510054,6608.563385077567,6395.923826364624,5876.692986577197,5467.376141910233,4806.082503152909,3897.6145887931534,3540.72505599014,2161.7634509182017,2886.6929373146627,2227.333812846253,3728.994360597213,3903.8849161885014,5017.253382164268,5128.657526017092,5686.25885455088,5574.293272067946,5723.353126131046,5101.200432314681,5082.611153997189,3804.748755283256,3761.6533190611103,1997.1562889723537,1561.4074312422779,9.614193692313808,5.06753398706078,113.4306425341121,1818.8264525472098,1959.311908018979,2954.9953129080623,3060.290326648222,2992.10704081506,3004.6516200427086,1905.8590855293505,1839.3720952987128,1219.6843256383866,1869.3948170729443,2226.710993872379,3077.217603684305,2716.120947315506,3074.127913020104,1812.8969809055707,1858.9774729836213,17.808826981877385,0.0
0.0,3534.1125226863874,5220.8140804706645,6811.228301011339,6971.66505097159,7581.61482773271,7410.235722831817,7242.725304628557,6931.689689841121,6341.3366536785,5682.587378653613,5173.56155923925,4029.7483481592535,4213.819084329025,3194.5496297288387,4307.852859130473,4065.8389789118473,5373.197005954873,5516.388649191179,6351.964979451355,6351.52887767284,6704.910781375994,6337.836797243224,6403.104602436493,5453.19418914945,5422.342819996997,3901.0786787100014,3661.7108431302922,2003.47205793762,951.6194185159596,85.19974120266822,1911.8516676408374,2036.2508361430698,3386.9784177056335,3509.8125791446387,3973.685757389434,4032.485943717285,3449.013906858039,3421.9658285711535,2562.729211636151,2854.4165979495046,2723.418470739041,3473.547847579905,3471.418670703528,4075.6661288086852,3264.6450967069018,3466.732005675922,1915.6410969466606,1929.1820312895452,0.0
0.0,3610.513300066443,6172.839312874098,7096.257898060189,8196.57629487511,8190.953345072364,8412.148968158122,8171.015190778758,7792.165745490687,7307.089711029797,6757.452273087663,5856.382106022867,5693.799190525677,4612.3275061124195,5260.8612592738955,4630.1684029248245,5840.72853219303,5791.13439117693,6862.790822175937,6934.080700383808,7528.521319706768,7344.706390946201,7554.134685542262,6895.538168505801,6912.924034064385,5677.336378144462,5542.076444606346,3952.3465061363518,3306.830504673129,2044.09426944463,2432.0155041690405,2060.796062931545,3649.5378896296074,3773.1059871133793,4680.729495131662,4771.464753385091,4711.378343492929,4727.287502518784,4006.0866841418388,4138.296649441354,3642.8892966982953,4164.237475422683,4097.53849586069,4774.704782599882,4368.259458311812,4771.325094934626,3590.341816941511,3698.0841037035752,1957.7336480744748,0.0
0.0,4086.52025131717,6353.44219386743,8184.845933152327,8643.661796613702,9304.330202475974,9181.03043505146,9102.19874212092,8739.07897590172,8274.947048436059,7581.657971048326,7225.612431419309,6234.428306591653,6477.490182856561,5621.383246089074,6550.914023885245,6210.606676954562,7351.7473104823275,7362.811553330676,8195.967503585382,8139.397235345404,8541.386650671142,8120.347050951324,8233.54132621597,7286.360472073138,7227.82242371833,5815.137695272774,5424.592564174087,3998.261445534087,3869.497010522873,3052.5087650065693,4040.823631777632,3917.152536838652,5165.259591154547,5272.383908636528,5696.0530540660375,5749.334419821385,5358.879195823207,5432.837653663501,4824.675245195647,5151.3871086924255,4870.499659489409,5469.703063801714,5233.027008474095,5773.045891169146,4979.499987027749,5234.689120229396,3774.1854053741054,2849.1317038632787,0.0
0.0,4176.8762346744115,7135.850969798141,8498.431164211132,9744.774850710559,9912.409676897612,10203.271422678095,9960.093649995952,9688.964742138223,9160.330782040044,8750.3150374292,7908.202308834636,7851.713802748014,6927.923761805413,7514.431092701554,6916.008419147425,7951.377675462848,7786.720335813297,8773.86267264501,8751.036670376412,9368.497870455274,9129.812213180587,9387.646298650534,8703.432729864497,8730.61987762855,7550.671408572469,7326.051008168024,5906.765745574782,5647.157504677353,4525.495956132461,4955.236905695925,4484.892950490759,5603.245580664287,5594.951060843845,6430.852616633292,6511.068722876083,6527.568371421278,6591.191015569725,6091.866851534064,6292.182713808467,5847.747351412562,6310.540630250197,6051.914879082914,6621.449534874367,6106.168495363039,6504.027470816611,5376.942965034181,5042.038542532825,2887.082138063092,0.0
0.0,4568.004009366022,7337.756620188578,9440.372335026046,10205.349176776352,10974.212666728688,10936.316250584414,10946.287355404702,10560.417182611956,10219.775983979926,9534.44448978277,9301.173302062502,8418.368570690254,8683.328565903652,7922.044293126487,8733.034074949748,8351.321716388124,9362.687885930487,9269.169343451456,10071.428593641196,9940.619591336674,10378.136886362789,9916.688744742714,10059.20723801283,9127.14306350212,9028.323157954039,7728.799824047956,7486.640551438418,6215.857250685718,6301.2676126521965,5504.9974094253885,6279.563116297752,6040.035287998629,7017.027702220847,7053.2541149736135,7479.319778616845,7551.343642746093,7309.797596916481,7441.666105011843,6969.805544724844,7301.422510567214,6949.843157238858,7466.140593872871,7079.143354114274,7562.8611753739915,6741.530134984494,6773.132925709509,5132.003958440168,3520.987183779946,0.0
0.0,4668.938095250836,8004.195784632263,9771.584028115905,11207.370245226826,11571.012170384774,11960.345220046802,11748.409303628005,11583.156116734,11047.478756029632,10760.470144548539,9976.431130695806,9992.60347335275,9170.264400253302,9708.161707738862,9136.866924442375,10047.842429450897,9810.422815803284,10717.210746605515,10604.914761850496,11224.862663500864,10928.724802540053,11218.825921927026,10522.01324040643,10543.899877468195,9428.104086052412,9257.6008651268,7972.317532436073,7894.005765464044,6860.4251365222335,7290.66729955949,6772.444394087102,7648.42210188883,7546.745094503851,8248.316817295152,8302.350309920826,8394.625215699052,8496.461013264285,8139.964240758164,8371.718686071892,7959.897994867459,8383.902956294478,8014.502835141981,8514.727293445321,7910.472948605883,8168.028350705923,6937.0279815896965,6147.040416297897,3566.064841138149,0.0
0.0,5002.281808087628,8220.364275896918,10605.98929109265,11671.420713438341,12583.917994659923,12659.726059024788,12771.909910237215,12398.064365398866,12171.952204410916,11511.765447299309,11376.521460329517,10573.522708180266,10850.35817767225,10153.723669502422,10878.14147717345,10473.706739782145,11382.539619655065,11207.967963983305,11971.290455546172,11767.064286321633,12221.82022779538,11725.454105376877,11881.44221506852,10975.24481670368,10900.899991698912,9700.211600745852,9576.159670230414,8416.67675041333,8592.38092760205,7816.600580537517,8469.667999387206,8159.592769642248,8948.488933143344,8924.655425489986,9321.608982477914,9399.480630677159,9267.430722211375,9434.028387031884,9049.909359763391,9378.086168493483,8987.282426267422,9449.315186750204,8962.555311058502,9341.434086183093,8423.586121717888,8157.5949097683315,6251.479579222506,4073.5766080944595,0.0
0.0,5110.28285689437,8804.283921283035,10945.983399342476,12595.104257458523,13165.686750271872,13678.034014130073,13528.907066554668,13472.269235910899,12954.804663840063,12774.49574136946,12042.725882373716,12113.511458864907,11363.626916516057,11864.310216723468,11314.063099278668,12130.391826418492,11840.878274793815,12676.928355495156,12487.625494824746,13096.639402876484,12746.324853006156,13051.798420555722,12350.35269687742,12391.168199561404,11337.80371871862,11238.663276419466,10058.613309604216,10084.492181342917,9116.649799584102,9531.008923063262,8988.075554964753,9709.120763855517,9542.143472879434,10135.26456728485,10162.037760902671,10294.505585178926,10416.919959184173,10158.881475805318,10406.140830162329,10018.838425454425,10413.701194127516,9975.075213133137,10395.216933975486,9693.12822262358,9749.619454666035,8337.574404806703,7115.635262981192,4125.9179121577345,0.0
0.0,5402.174051235915,9028.189954884638,11699.688309064486,13055.891035699693,14136.634788295365,14347.365504961286,14575.178259920598,14241.948756546548,14123.312575622434,13498.873497874849,13444.030499115275,12703.290647031366,12989.01253915305,12338.854411151535,12997.553184169134,12577.571448038154,13403.732493351634,13164.482174367315,13886.96999262613,13617.062429911199,14074.181753102563,13548.583991059471,13721.630833696872,12844.063646050774,12815.072967497867,11698.321945567093,11661.59883301955,10587.756540210567,10807.749330250723,10052.409619274174,10620.161744855843,10265.223346622706,10922.34675482285,10852.35057546024,11215.021072255806,11289.592268404187,11226.847460998024,11411.604491312954,11088.934139347395,11409.912083278652,10997.279534311356,11404.684180942771,10833.946835987192,11072.566117393484,10015.349856401763,9432.62081667345,7231.830501220767,4557.933772327997,0.0
0.0,5514.263289758009,9551.105598126833,12042.28730433968,13918.307064037605,14701.847153250468,15356.105364179111,15294.788255062093,15349.299710215673,14870.433625822701,14783.63352050425,14100.991194196236,14216.454582610575,13521.053088733694,13993.50476233396,13458.108509438456,14200.730012096097,13871.233291495875,14645.267488285692,14390.886896699916,14980.793824982395,14582.840037530366,14898.087792527911,14196.447026929169,14268.472446238206,13271.261024066054,13238.342085585975,12143.260285696422,12234.654066918984,11320.201886439587,11714.022602711748,11158.908858185043,11771.273232343787,11558.960409628453,12068.879218698768,12070.965826837975,12221.083157728463,12350.671404696162,12157.958142861944,12410.772438898737,12043.067616466838,12407.303128353848,11915.837776177565,12238.606265155368,11424.840209086453,11252.63768692149,9623.614527861178,7995.302184770444,4615.911134918404,0.0
0.0,5775.643038399155,9778.288764223124,12734.737878618194,14372.272577210277,15637.247607402242,15998.264747163972,16352.992043183229,16082.804042657064,16066.603129207635,15485.823557543554,15500.210307902129,14811.212532956317,15104.980457977208,14489.707169997064,15097.135799300399,14664.802923090183,15423.107413347612,15131.207182762542,15813.17977583169,15487.209119333098,15939.489398646867,15389.852333576173,15583.272383270923,14734.100977842329,14753.38568737405,13707.110981034291,13736.610573724152,12731.867994503773,12974.627256315607,12239.76569604068,12742.6976660296,12359.013628037832,12920.224887939788,12815.10634787076,13145.019959101553,13210.96965684394,13189.556184210584,13380.951849560233,13100.71783173573,13409.065653486414,12979.562019802004,13322.949702111466,12670.364885968485,12745.591756950462,11524.304833283528,10624.02238999536,8119.913550043017,4997.732949691992,0.0
0.0,5889.338372197806,10255.3161921115,13075.35281590604,15186.03430677291,16185.491398971242,16995.117425604476,17040.47577798854,17209.75578155015,16784.430689405504,16783.460349821315,16148.645631202548,16302.541691930917,15650.487993363051,16100.995384456657,15577.320793110803,16260.182001559708,15898.119962063589,16618.35812431055,16309.29907824699,16876.42306984109,16438.59801568716,16761.395933655447,16062.113696891736,16168.391016378682,15220.70452302293,15245.029566384586,14219.547486043815,14355.70662136541,13485.959153945438,13858.712232250346,13299.473998547262,13831.749039103886,13587.204855852127,14032.636119269653,14013.128416304697,14167.412445004073,14295.943884195989,14145.207009284066,14395.168130137,14040.284550039338,14365.947488377884,13825.151617543808,14034.228409502488,13097.4076118365,12685.0209348223,10822.1399489379,8810.907176301664,5059.953396123248,0.0
0.0,6127.812978687141,10482.392790779519,13720.748498643461,15630.545010005513,17090.54899833116,17613.245755567725,18102.493833599357,17912.51935001966,17996.835127448343,17466.7548402837,17542.956501684388,16899.583319822916,17201.869176429573,16613.95531600876,17180.663195833098,16737.86099387763,17439.356736480335,17103.736334893274,17747.484541599555,17374.16718491265,17819.12354458802,17250.38347094227,17464.89139152005,16641.392583710556,16706.91695155308,15720.180285013477,15800.589317319027,14852.801172943131,15107.206174585526,14392.77135257394,14845.254958310581,14443.486348283812,14932.212368285396,14800.46622174912,15100.015320524524,15154.696833223803,15156.48222183985,15345.621304493397,15092.926277086272,15380.801044087088,14932.91853286789,15200.106624202326,14461.38363517193,14359.799925710518,12959.88274671782,11748.013274161702,8941.204444861996,5405.5813656690825,0.0
0.0,6241.33480429983,10924.492826399573,14056.618938283395,16405.904409428094,17622.12631676243,18596.4543868836,18762.762572120948,19049.78913330637,18689.53944794122,18769.97215789693,18183.220330223583,18372.324257671047,17756.859508215926,18191.236177414197,17676.06972615849,18310.224771026875,17920.82998371906,18593.684113485328,18239.260026595224,18783.315776553023,18312.387812410947,18641.947257391657,17946.05684454515,18085.956767678577,17180.895362282958,17253.731282660672,16286.614298472414,16454.139164338165,15622.892531078098,15976.396115682564,15418.26585159633,15888.905444932354,15621.999198435167,16016.244250482547,15977.647609786962,16128.31999634208,16250.319212931952,16124.881043726169,16363.367068962529,16012.890234381055,16290.52537574888,15697.181715382287,15780.018252882965,14710.773431975575,14054.014680194136,11950.643541081521,9576.818403800167,5470.690107303006,0.0
0.0,6462.416188578537,11148.966054128792,14665.384735743206,16839.559969013048,18501.230457671987,19192.469420677553,19823.253272966525,19726.41613680335,19910.020097414024,19436.580400064307,19571.307313861656,18970.106831167195,19281.93487523261,18716.594985121323,19250.802737218117,18798.578418620367,19452.008053370315,19080.205674290293,19688.671789500597,19275.937023037637,19712.72617799981,19129.377471758187,19364.216886551625,18563.536436979844,18669.982609951167,17733.95352784255,17853.86912842689,16954.705591292317,17215.471580615515,16520.739033752485,16932.771195212972,16520.126419787826,16952.59850340877,16799.945138518593,17072.410979885404,17114.00305334509,17126.82461966618,17306.89063708466,17069.051031475195,17327.27549735223,16855.252377445024,17035.626408818047,16204.17830384859,15917.1352936837,14330.811078986104,12815.588424400778,9710.676173846601,5788.324992384513,0.0
0.0,6574.498347168606,11563.952934281975,14994.332886932647,17583.433898927684,19016.073304922746,20162.408198978992,20459.69622358906,20866.933822785515,20581.573555204446,20740.776347179784,20203.322976530057,20426.491077233615,19843.472740984274,20266.442393423735,19757.86559004407,20351.638415649482,19939.651334962717,20570.39992521362,20178.22638987422,20700.952542054874,20202.74669162785,20538.34881542292,19846.684625127644,20017.13150577205,19148.9585569586,19262.072969890345,18344.384370187356,18534.58516222704,17738.036413020698,18074.15689586499,17520.55357473458,17942.884486533432,17659.968133434384,18012.66603287882,17957.1606556695,18099.70703195982,18210.611062934015,18098.087608938455,18317.08279688198,17962.425512102116,18181.435808605656,17529.66669659451,17476.764443404703,16267.595697130959,15366.509980773133,13020.86270344569,10302.088959592435,5855.455559978515,0.0
0.0,6782.07986816378,11784.706136474235,15573.753378713904,18005.384946130576,19872.989451093894,20737.863413783445,21514.69889288551,21520.768721403245,21804.006133794348,21392.566659865508,21583.8154685414,21023.40141264398,21346.58760921249,20800.658670761346,21309.1347414985,20848.958863036984,21461.06577019614,21059.12372149738,21635.894805101798,21190.759342844984,21619.573645617955,21024.717647417736,21277.925074591643,20498.09075474586,20639.718724963204,19746.798989781248,19898.304331409847,19041.28968615151,19304.581701215935,18629.601252504373,19008.65533990266,18590.38572017159,18978.033904796765,18808.610658568447,19056.032612889383,19084.026257382586,19098.891830730892,19263.838405181978,19030.302507790726,19249.328675835484,18746.206540759118,18829.180285883616,17898.818782750248,17421.668249974704,15644.421265602432,13834.338123370562,10438.215976479638,6151.141035184565,0.0
0.0,6892.364450233836,12177.947416373088,15895.235148186091,18723.456626109506,20371.606353700976,21693.953862558985,22129.462162860906,22659.47300255324,22456.813539248764,22694.05591183768,22208.078389895327,22465.439880040056,21912.08280008393,22328.00101825722,21824.971682734926,22385.318039964593,21954.03308789348,22548.706064586186,22125.17234857944,22627.656794483635,22107.81069530085,22448.901233353306,21761.432853382892,21959.14647461796,21122.48352665376,21269.08097298357,20394.20277738427,20601.550785070536,19835.475183531373,20156.83870428967,19610.093968746492,19993.365115091976,19699.534855039732,20017.00119342998,19946.31883437325,20077.510709915343,20174.141695486942,20064.734572321664,20256.527183365295,19888.32972793126,20039.328773578152,19322.548093858488,19125.56420827439,17771.71132252328,16628.054330675397,14041.447419822212,10992.928552086229,6219.213293541483,0.0
0.0,7089.116274779112,12393.857758693106,16450.929932026782,19133.459419558607,21208.86036728631,22250.573941700786,23176.779845822042,23293.25519496585,23676.93738446331,23332.34007667628,23579.778284511965,23060.132818117283,23396.92382292733,22868.630877018993,23356.851438889873,22889.531817132738,23467.133115788125,23039.567100074888,23588.252520103357,23116.61227849368,23538.3574908735,22934.872124641854,23204.181734823393,22442.062670149986,22614.11364128244,21758.450871471345,21935.468375570228,21115.01850088229,21379.291533621898,20722.78682897132,21075.138852676027,20654.980491079215,21005.30215654014,20822.980310244657,21047.35148159313,21060.43820327566,21071.20120329195,21215.637429775044,20976.80606145705,21147.885899519322,20605.392663427596,20582.331444396987,19547.334607464883,18876.91949658237,16906.682946553265,14810.658868920065,11130.610487704496,6496.6155575546645,0.0
0.0,7196.899197841125,12770.037380234115,16763.72972712083,19829.799992895434,21692.173215076567,23192.883896234674,23772.13600553622,24426.691776008087,24312.85482960705,24628.5911714247,24196.420149845053,24488.38315272823,23964.448318613253,24377.067731962314,23879.16900487085,24412.061662359294,23964.7998651638,24527.70518540025,24078.22469175864,24563.45738163961,24025.922516111837,24371.396614272024,23688.415467397368,23909.186763875543,23100.335052329458,23274.834209261448,22436.75270349915,22657.330577132983,21918.988642046894,22227.410117777978,21688.90456897286,22040.469194357185,21739.007853449293,22026.525616039587,21941.847524564695,22059.549652877682,22138.10066435373,22024.150347134506,22181.7955904156,21790.87206750217,21865.227811547877,21076.51028133163,20729.700277855707,19226.847063118257,17843.716448448406,15018.753110899215,11653.76790774679,6565.368799428486,0.0
0.0,7385.0531408372435,12980.469863438419,17299.91177297935,20227.967676372315,22511.455830682167,23732.11508372716,24810.06470288227,25042.414460652722,25527.74182680015,25254.712114253063,25558.59727748744,25080.61219091767,25432.86390251539,24921.968563576644,25394.59279544906,24922.108485706576,25469.965304323232,25021.800641085625,25545.707178865232,25052.217376380406,25467.595608520747,24857.288096825596,25140.31915235766,24394.587987603933,24592.090225867138,23768.4909913168,23966.147872780413,23177.834508011092,23442.80224019503,22803.96659276999,23133.90488532477,22713.998673533024,23033.738848410903,22840.635131175964,23043.059588156088,23040.143504908898,23042.009374895675,23160.068376858166,22907.76070768264,23023.49047400768,22433.802009624837,22297.467290732417,21151.784749891674,20286.78080396185,18122.971690711824,15748.809010379917,11792.154816830676,6827.058309244556,0.0
0.0,7490.216891063827,13342.548859888078,17604.250351023733,20905.807665454682,22980.149053805802,24660.943762158433,25387.251290838965,26168.983323418997,26148.621437834878,26543.34767998396,26167.71949833911,26495.82355974759,26001.375030029492,26413.613543132913,25922.13551727836,26432.487418333672,25972.03926604513,26507.78210485429,26037.17602209919,26506.613692436742,25954.64074024599,26303.94259631958,25626.0045485377,25866.441841135125,25081.692214335922,25279.096516208818,24473.173411540625,24704.615184499788,23991.11302836123,24288.52947777419,23759.31229007561,24083.920293404888,23777.302302032578,24038.477189511283,23940.53542065714,24042.652638085932,24100.382820445,23974.99365748994,24091.746954683636,23670.81589507114,23660.601172606508,22792.70675045339,22292.314675483314,20637.441325782533,19017.78032283134,15957.668138612702,12287.909443913259,6896.274040616218,0.0
0.0,7671.424962984524,13547.416308393704,18124.2905447669,21292.367810417632,23783.439985337936,25183.75829011659,26415.149093207176,26767.92041659928,27356.389879577342,27158.309521955307,27519.699358975522,27084.713312941538,27454.778184968818,26961.69178907973,27423.099010501435,26947.216726048915,27470.325048208266,27004.704232373744,27507.523308631276,26996.08442596255,27405.24299695001,26790.349733427338,27085.30817304989,26353.854829563184,26572.741650721684,25777.66679853257,25991.860248967747,25232.490219903724,25496.582556535384,24875.415762882112,25186.393202009218,24768.251157154144,25061.31093098308,24858.98611606976,25040.750853118494,25020.70282533952,25009.008967695972,25096.066487591193,24823.006646998365,24876.200692024093,24232.021019784657,23976.61727873619,22715.213165335255,21655.14271572629,19297.691189370755,16652.985980049263,12426.921034709367,7144.1935916806815,0.0
0.0,7773.856476686913,13897.916347324823,18419.94542685327,21954.07949863301,24238.131857587,26099.40622894678,26975.86020580502,27885.819418609037,27963.171640325585,28438.255881223136,28121.59828482662,28487.448955421954,28023.299036928,28439.136236992286,27954.51416794906,28446.85470715912,27976.161423102723,28488.95465960862,28000.38173132512,28456.411280938017,27893.30735049502,28245.393035747333,27572.162537414744,27828.91641226014,27065.94131823841,27282.462536195533,26505.27970377122,26744.291650977128,26054.193759826903,26341.60412404332,25821.96870930403,26123.91762623534,25813.563329982313,26051.196318451483,25939.912810160182,26025.06272387415,26058.689401503034,25916.094928440347,25986.14995444168,25527.875458460876,25426.582489112538,24473.803998622614,23816.0559906557,22006.472954035304,20154.006905680584,16862.44751185886,12898.648919069372,7213.362245115666,0.0
0.0,7949.260424164314,14097.197361422095,18926.111563062997,22329.23198388054,25026.894712668894,26607.189925492225,27992.93767145612,28469.67432930192,29162.149605875646,29042.485792094463,29463.032088358188,29072.438659913518,29463.315898190078,28989.024023131016,29442.98504940949,28965.48595347322,29467.875363592226,28988.35609904421,29472.880628604205,28946.816343803526,29351.01127539703,28732.791241076884,29037.295464371087,28318.945547222145,28555.786533396706,27785.734648569833,28013.59417486235,27279.747309265655,27542.988373655364,26938.218934774843,27232.98170000796,26817.699591122237,27087.53458364893,26876.972381033702,27038.29807092298,26999.427819576267,26970.66695465255,27022.556457163595,26722.206887252174,26706.383297333778,26000.94915426506,25621.406996504214,24240.22272707719,22984.98125211212,20434.64486526536,17526.336398840933,13038.074879150863,7449.488906019226,0.0
0.0,8048.711937319731,14437.947845825838,19213.29640237052,22976.62422858399,25468.380490264,27510.174010359657,28538.555518510177,29577.65179776033,29756.321228028533,30312.590429018837,30057.396567125514,30463.339916255914,30030.721711691163,30453.047115233207,29977.332996377532,30455.544243986613,29977.07543580605,30470.473600336438,29967.70132180353,30412.02081173537,29839.925779062614,30194.27872121242,29526.07040796956,29796.716970858284,29052.377333185912,29284.85370169796,28532.814743793486,28778.373986414823,28109.012542277636,28388.070070497753,27877.976919182318,28160.061607755528,27847.38065462231,28062.9492205275,27938.327126123128,28004.63434698466,28011.04570614111,27846.713167466427,27864.61685025146,27361.68443665986,27163.851014359323,26120.81698612153,25303.36624602167,23337.576495775767,21255.780246041533,17736.346025132898,13487.99502860288,7519.1026115037475,0.0
0.0,8218.942645715513,14631.094801721518,19707.462972187113,23341.002380815004,26243.50829113041,28003.63087060658,29544.05658338804,30147.55914822742,30945.223367881583,30906.9959525325,31388.04465806624,31044.20374431688,31458.262989953564,31004.299212551206,31454.504385673565,30977.38905614103,31463.012465293268,30972.605071924656,31441.2752552624,30903.914817253473,31303.18800087213,30683.092346318994,30995.542213547735,30289.248217058146,30540.978004254117,29792.747029350565,30031.97286486915,29320.91906597283,29583.51313342979,28993.702308363056,29274.124843094236,28862.762641201523,29111.616738805846,28892.943269675376,29033.825391062943,28974.66590101491,28925.599961346816,28937.880246549612,28604.252311583612,28514.333164410455,27741.327161681023,27233.76704824355,25729.40492192935,24279.676793052924,21537.00270133296,18371.90535555867,13627.79398510236,7744.133011289754,0.0
0.0,8315.59893032535,14963.279907403303,19986.22149819172,23975.706682418462,26672.27360462765,28894.0581343451,30075.76732945794,31244.707438771602,31527.55688143231,32166.77555384267,31975.80073524373,32423.26915787505,32024.278322636546,32456.468509858183,31991.152243324832,32458.979439075058,31975.16692514806,32452.16321862372,31938.103432515687,32372.424847791845,31793.57980211969,32149.41412949136,31486.390697302853,31768.345463438236,31041.17709414446,31286.578778302424,30557.028591163835,30807.784850359414,30157.23800308445,30428.975474939863,29928.095642442167,30193.017837519466,29877.75611125006,30072.799019913924,29933.74468973113,29979.938246636688,29956.323374280833,29765.02836338413,29726.182146175375,29172.858450748256,28874.190204440358,27735.536337549984,26756.80403952853,24633.22843002976,22325.92422503806,18582.540821667946,14058.153325635001,7814.082466301506,0.0
0.0,8481.629642732878,15151.275880700392,20469.577115272987,24329.321999820368,27434.946098138756,29374.054134585575,31069.322039080995,31801.763562234126,32705.779502959376,32751.792897905852,33295.18736043203,33000.244638824544,33440.12296062973,33007.69333380938,33457.87109948796,32983.275795957845,33455.76932124555,32956.66404660772,33412.472843764386,32865.94338234097,33261.01417146249,32639.999822244998,32958.99886241919,32263.896494782144,32527.636126334943,31799.209908695222,32047.39511732351,31357.20150846708,31618.33878633422,31042.9628795741,31311.025770074808,30903.05469501121,31133.092853159636,30905.96446800558,31026.465282907495,30945.114453892493,30872.440990289335,30841.529099484742,30468.950097196495,30300.242308574332,29454.325962525363,28815.657453957374,27184.554941598686,25541.598049235912,22608.2258603685,19192.16828414623,14198.400526697473,8029.222223701615,0.0
0.0,8575.773984665997,15475.67964174249,20740.34187419452,24952.47060626706,27851.831620391466,30252.20799340474,31588.091765941204,32887.72446998903,33276.7224537684,34000.609163920504,33876.03082226302,34367.790781437296,34003.881390342256,34449.12218891897,33995.62961408399,34457.063758948876,33970.12141261139,34434.197364995736,33911.45274728387,34336.775679510676,33752.94250961111,34110.12506781082,33451.985186544814,33743.322368592184,33031.52964181098,33287.50252406266,32578.375770858038,32832.81986724175,32200.054558827,32464.90349676285,31973.335654919596,32222.256789544233,31904.40830358396,32079.899512201544,31925.549607667308,31949.45978475956,31893.426336929446,31670.777994260065,31570.794456437005,30961.76857323257,30558.056571404155,29319.56170848861,28178.703136166903,25896.468323731602,23366.91252818424,19403.25595368504,14610.729325789758,8099.293471643738,0.0
0.0,8738.07733801896,15658.292310207908,21214.134649728363,25296.26853730244,28602.385936821927,30720.01143481061,32570.05114969446,33432.2731879707,34444.20225251608,34576.487077099664,35184.22162292308,34940.06069822668,35408.524911369524,34999.89796133401,35453.118279696304,34982.97709440716,35445.70619734949,34940.91236311569,35385.72838113856,34832.38582046495,35223.571786579356,34602.72996382682,34926.721555881646,34241.73881996649,34515.51117898921,33805.09344195246,34060.24047326293,33389.09015670973,33649.08921411501,33086.791351524196,33343.88075333039,32938.8984951322,33151.12820444927,32915.13211005992,33014.803075594886,32909.4970231123,32810.15135467601,32732.17274670084,32316.416256158904,32064.56811960778,31140.834502566882,30368.51168903025,28608.171257280275,26772.87410698911,23650.01496764673,19988.777686614318,14751.414003916016,8305.484682996906,0.0
0.0,8829.24248256859,15976.195481520035,21477.548821962137,25908.4692052989,29008.375124123864,31586.37410213206,33076.31561726812,34507.2082177792,35004.47681503203,35814.35031031271,35758.32099078353,36296.5139644197,35970.1831032723,36431.09137453309,35991.3836009883,36449.39725385175,35961.90100456401,36415.71645172722,35887.00668418244,36305.08593740085,35717.63277450844,36075.19167324908,35422.329410338316,35721.17060436418,35023.590444453184,35287.966604288464,34597.29452851869,34854.80994263986,34238.123262539484,34496.630696401844,34013.04910404011,34247.705796580725,33927.191626890926,34083.069322157295,33912.397950620834,33912.70697396664,33820.88354763782,33563.28767096783,33398.43197153195,32728.698261661153,32216.678083036695,30874.68113335371,29570.837999856572,27129.18979593322,24381.016562710593,20200.813166280663,15147.398227504622,8375.897599259875,0.0
0.0,8988.268087939105,16153.431127381802,21942.39708520978,26243.04505387116,29747.55408455354,32042.335525312887,34046.94232217469,35040.49326406299,36160.761570326365,36381.507029376946,37055.52011957212,36864.34478630443,37363.912996930165,36980.89385384851,37440.37211783974,36976.78230296618,37432.83238625901,36924.555940927545,37360.437457506436,36802.33549533579,37190.20341168667,36570.12780197852,36898.233160983706,36223.03084366671,36504.65896241082,35810.656806423925,36071.58477222373,35417.83695021193,35675.845665534034,35125.718549173434,35372.153905843734,34970.34257865015,35165.348927850355,34920.111590932494,34998.06453330756,34866.84175820849,34738.1417018505,34609.77313385069,34146.03659534845,33807.70707537183,32801.777073613324,31894.058908391027,30002.193236398558,27975.94120397273,24665.120988005594,20764.23654421626,15288.531422873086,8573.745314245618,0.0
0.0,9076.705973219094,16465.242014230556,22198.530612442868,26845.05035287908,30142.656219516884,32897.21271235094,34541.503838366494,36103.780965454614,36711.01637977133,37608.2429832699,37623.205343866415,38209.791029666114,37922.65584824738,38402.24247817479,37978.96872289242,38436.727549992516,37950.80231498624,38396.78258648925,37863.53939299565,38275.38754474693,37686.18444496178,38044.21144609744,37396.50532397837,37701.63379116678,37016.895104021314,37288.21659078853,36614.21192634448,36873.74514088771,36271.85363869783,36524.133911684,36048.03050471082,36268.817678492385,35945.24511912517,36081.86134868476,35893.5791319696,35868.27847019555,35738.33787198609,35442.108844912684,35208.94015105257,34473.83912696672,33850.90382022773,32401.998184272165,30934.974871931132,28333.884325802173,25369.94702163463,20976.950480184485,15669.23004785753,8644.3527333969,0.0
0.0,9232.774884855748,16637.753194992634,22655.315907336524,27170.671680219362,30871.305773245465,33342.24907339712,35500.53189141638,36626.493489591885,37856.211533700414,38167.22187001145,38909.037975535604,38772.92944822972,39306.22928301565,38950.99951635578,39419.583940026016,38964.912377563225,39416.86324050489,38907.30054659749,39336.157534093414,38774.93482157436,39159.929591748565,38541.579735681975,38873.118257138965,38206.6852991282,38494.91924095644,37815.79918132692,38081.1148467357,37443.188065734874,37699.27533250612,37160.104672597896,37396.56493812268,36996.55668067912,37175.25275050488,36919.436546600606,36975.14381385283,36816.24777630914,36655.35275194722,36473.72092392707,35958.09165769414,35530.09957170002,34437.98935057784,33392.899627420586,31368.157349875146,29152.446389058936,25655.415986545744,21519.570367809163,15810.740885763811,8834.616696751194,0.0
0.0,9318.938093431094,16944.223282914667,22904.154436617973,27763.454814417513,31256.427426054677,34186.129025785,35984.27902444982,37678.3424408383,38396.95750610943,39382.68551687302,39470.29222304859,40107.85670205157,39862.07629056301,40362.92203687766,39958.2027647888,40418.4439724935,39936.24708295606,40376.66005353033,39841.16567702039,40248.10522297481,39658.55771589379,40016.650724505744,39374.305226813056,39684.02256593564,39011.28862650737,39288.0982858773,38629.623307356494,38890.113793906916,38301.91100114882,38548.138362773476,38078.36380049361,38285.94780831029,37958.129737334115,38075.220658235194,37867.98869341702,37815.40741719841,37644.994359728065,37306.79077180113,37001.84404679163,36198.20262925312,35461.48509218841,33903.279017044704,32272.639657188414,29511.91028323388,26336.07033260225,21733.249629363087,16177.209541519576,8905.53965241359,0.0
0.0,9472.290765876416,17111.481178795693,23353.888602541363,28080.39863439746,31974.835871417607,34620.36314311923,36932.27686718946,38190.67945306827,39530.799932536866,39933.772811745155,40745.44005251849,40666.349033904684,41235.60207606714,40910.22878431198,41390.94759125835,40947.2447977838,41397.65029332076,40888.826655198834,41312.415860334244,40749.899897936135,41132.58250257417,40516.63045823224,40850.534329784205,40192.948513299874,40486.12491656279,39820.65178571573,40089.20038123706,39465.928214391446,39719.284585001915,39190.33495006991,39416.90663259716,39018.2317116888,39180.87617309074,38913.061256574234,38945.51649943692,38756.70939620426,38561.14421136557,38323.6301900872,37752.45569444159,37231.68348651403,36051.00067426258,34867.16323000984,32707.635750503498,30304.53822758581,26622.63825183859,22256.838516926735,16319.608021986161,9088.824000271808,0.0
0.0,9555.865856274526,17413.33935540489,23596.055675430933,28664.452172732745,32350.559838997204,35453.71632168499,37405.57025503879,39231.75129698234,40062.283482966304,41138.352332193645,41300.0946750858,41990.5115703049,41788.37661012355,42313.4576333803,41928.643562965255,42394.30837713482,41918.23465895357,42355.10308908712,41819.51601043088,42222.547515964245,41633.3906058585,41991.636204769085,41354.88316466057,41668.41880849882,41006.834358550754,41287.71093421413,40643.25963171167,40904.3643355483,40328.23093248787,40568.33173187949,40104.593241177325,40298.99526988248,39965.86363651452,40063.213569165164,39834.86966120811,39753.54863165366,39540.32770020317,39156.98704753939,38777.615022580634,37901.90285403129,37049.61681027305,35379.20850634272,33586.12244335956,30665.18776053154,27280.70209051125,22471.13371502877,16672.93212110566,9160.031605767694,0.0
0.0,9706.758914881906,17576.022921330463,24038.99515791232,28973.376341819956,33059.10083306525,35878.12902540079,38342.75741441743,39733.84102597113,41185.06205582533,41681.125492048384,42564.435561671264,42544.45112918425,43152.210433514,42858.59317301627,43353.98622399834,42923.63118524683,43374.74148592501,42869.19955662987,43288.914202048196,42726.4986256242,43107.00262278554,42494.322962784376,42829.9742696073,42180.850591038725,42478.217832789356,41825.00074896651,42096.160639323156,41485.77297424094,41736.36063152419,41216.44164136033,41433.966282638656,41035.50367941821,41181.1509594294,40900.42142896322,40908.355342339055,40687.78604032226,40455.598210007905,40159.038103104926,39529.53325489241,38913.832656139064,37640.809824767224,36317.98172503584,34022.312448111414,31433.449332067798,27568.20433703531,22976.846123232554,16815.633073154648,9336.421053219065,0.0
0.0,9788.060827917401,17873.05024922677,24274.73952391774,29549.235518685677,33425.69514863742,36701.16913052228,38805.99809071669,40764.07771417894,41707.416907561324,42874.80845194801,43112.833583813095,43858.31908647087,43701.69116394706,44253.32162811403,43891.151699529546,44364.55208931392,43896.595754813396,44331.95313347984,43797.95667241822,44198.068987109924,43610.39027852969,43968.50151749512,43337.68867410752,43654.145086549666,43003.099353165264,43287.306074837965,42655.594043588615,42916.34767859582,42351.2824037686,42585.422913303846,42125.974918330154,42307.67461652656,41968.05880861678,42044.68741663079,41794.04953771945,41681.96785114208,41423.383454775685,40992.60275755998,40536.47366238075,39585.34205617022,38615.89410558603,36831.71712220337,34875.896374251475,31795.37231834687,28205.386566715493,23192.089113728034,17156.631848284975,9407.842307676387,0.0
0.0,9936.567098850715,18031.60524866014,24711.20944143819,29850.198183475382,34125.36173935682,37115.96300218462,39732.666296828946,41256.84753441216,42819.5709775392,43410.26539808583,44366.683594119095,44407.276872551185,45055.90624220982,44796.38181391535,45308.93382534456,44893.93461628254,45348.45556657843,44847.5073288891,45265.18286534718,44704.306267752836,45083.38009998616,44473.978618128596,44811.28629156659,44170.40592620504,44470.75671435081,43829.40001955218,44101.97728869949,43503.60416777416,43750.99416199608,43238.765399218384,43446.7670127159,43047.099734708834,43176.37847177497,42881.200268495304,42863.484228822905,42608.803705438026,42337.41533943162,41980.17137450154,41289.168963777294,40576.25177387927,39208.57727480925,37746.084685582675,35313.58762704899,32540.698783902786,28493.754853740014,23681.126606167185,17300.10734316484,9578.207054612898,0.0
0.0,10015.99834084303,18323.924295751684,24941.16860622647,30418.347260969902,34483.16666712852,37929.20810882369,40186.764937014275,42276.4301962578,43333.678258866516,44593.39574859089,44908.79116368431,45711.29151121374,45601.98592592478,46182.5538733292,45845.384071499786,46328.89225908062,45870.78667987233,46306.885112219854,45775.93528570943,46174.24436733544,45589.31286077701,45947.51344441146,45322.20181013692,45641.16819810854,44999.92251414036,45286.36199365632,44666.70141092796,44926.493369028925,44371.3586764461,44598.997488381756,44142.992503991576,44311.522657088215,43964.54494537766,44020.08607018451,43745.193085062274,43600.58036322125,43294.673103894755,42813.378062118005,42278.29087433928,41249.10096292264,40161.28472484811,38261.02827836368,36143.523261217844,32903.680921770196,29110.947930441373,23896.905010048915,17629.795748357716,9650.246936283917,0.0
0.0,10162.185044006299,18478.83018049073,25371.151087720402,30712.051522096073,35173.87804301231,38334.905520293796,41103.10266264574,42760.28721362947,44434.94754190104,45121.43969678354,46152.32737646974,46255.4945407006,46946.93846357963,46723.776176381085,47255.90976117862,46858.07759645857,47318.04944147143,46823.58633784124,47240.654955179714,46682.764607778365,47060.82488986274,46455.8689525378,46794.445373207134,46161.045938831114,46464.01843491955,45833.289090208345,46106.59970051767,45519.216964651925,45762.87343467845,45257.22977892717,45455.54458094456,45053.87044500968,45165.84378374992,44855.01978108148,44810.399489235424,44519.99357012161,44207.19786295252,43786.52112655138,43031.54685283072,42220.18999255878,40755.15642333847,39152.44267592749,36582.52262977565,33627.10541000344,29400.523846442156,24370.49486361674,17773.672355982246,9814.979470458109,0.0
0.0,10239.5028534294,18766.889705878035,25595.500447562972,31272.536843586626,35523.70733593705,39138.49922288799,41547.62568935847,43769.204670453604,44940.82336681945,46293.760048579206,46688.64850519676,47549.720741048906,47489.71111377329,48101.369762060924,47790.97457769298,48287.08132432355,47841.040217466514,48279.4050570687,47753.40072811765,48150.80613981808,47569.30422863896,47927.765027851616,47308.574662350366,47629.330976158744,46997.18880023916,47285.298397430786,46676.269623225875,46934.762446144574,46388.17188897257,46609.215497396915,46155.57334568843,46310.87254451993,45954.56726524993,45988.226234175825,45687.6856123064,45509.01589540908,45153.15607849514,44619.518161887354,44003.54082831694,42893.498712427296,41686.39238532315,39668.99657989218,37389.81848498431,33991.5017029868,29998.83442837172,24587.324512757834,18092.91345850719,9886.80734003459,0.0
0.0,10383.367291645049,18917.707597234483,26019.889564987654,31559.77178349685,36205.59509435399,39535.73482424593,42453.96890482919,44244.27721651272,46031.6760913596,46814.859832180286,47922.00459333858,48089.52037633951,48825.6153621303,48640.27286268788,49194.338209581685,48816.13634858637,49283.260308988516,48797.33992594612,49215.14686247721,48661.5917075387,49039.32782177028,48439.28337474238,48778.59073159704,48152.81614210506,48457.42005270725,47836.7707104196,48110.18406725898,47532.16714442264,47772.06978695239,47271.99249121054,47460.02660464001,47055.18867698193,47149.68063349947,46821.225571382434,46748.62288501621,46420.53370525399,46064.2505034027,45578.504203400094,44756.63954945372,43844.9970983546,42281.33995541223,40538.25470697679,37830.186234759196,34694.566191144106,30289.386161895767,25045.929841642166,18237.28125807726,10046.595257720732,0.0
0.0,10459.090222995486,19201.670877314675,26238.91596682753,32112.89909917119,36547.978631972735,40329.97683309119,42890.21786506726,45243.06302034178,46529.78139727761,47977.0429221142,48452.314226142684,49374.05389814337,49365.011813006284,50010.16072413793,49728.4753880739,50238.90902846179,49806.757677370464,50249.20626628311,49729.55953127928,50127.36442208181,49550.444563105775,49909.12883859358,49295.98707379958,49618.071423057525,48994.939570686496,49283.86683745065,48684.59292505261,48941.16664312204,48402.16981460158,48616.16478609635,48163.62016781933,48305.07557447355,47938.479377721094,47949.31351614773,47620.895811275295,47406.54119664453,46999.82058568555,46410.52043120461,45711.80700227768,44519.06913169428,43191.67091740846,41055.79448275358,38616.389079883076,35059.88781372181,30870.497787833672,25263.42832913704,18546.40964519086,10118.602876787334,0.0
0.0,10601.088348111185,19349.07505204154,26657.32147737322,32393.67940620504,37221.55538380121,40719.23962076097,43786.714982361635,45710.202992180275,47610.15478193517,48491.23874197635,49675.88254064888,49908.72314333804,50692.11282768783,50546.97629875918,51124.56979365075,50767.74475559555,51244.21847157525,50768.21447069302,51188.267857478604,50640.148753379464,51018.314983050885,50423.352382354205,50763.56180463739,50145.49992602436,50451.258379451756,49839.6485303222,50112.56037590429,49543.482836453506,49778.77179359519,49282.882268948684,49460.65135095522,49051.32294543525,49127.44633850584,48779.86120410156,48678.21056938041,48310.33834195923,47908.636509997916,47355.64622690077,46464.99187758942,45451.862562561095,43787.583098346186,41904.09346751849,39057.83485346711,35743.667205887585,31161.796519753214,25708.510505847535,18691.17086415848,10273.315449718259,0.0
0.0,10674.798035618403,19629.301763859832,26871.611674023436,32939.59842430154,37556.48837383184,41504.218901110034,44214.727840182415,46698.545595490534,48100.85155792092,49643.2633722263,50200.28810010335,51184.13651167549,51228.06053973521,51908.44459380107,51657.433469203716,52184.42471661393,51768.30468073654,52216.235506967925,51704.33906093121,52103.4821558348,51531.77341636234,51891.11705539692,51284.560224639325,51607.439899395446,50992.664904612546,51281.96424861892,50691.65775939151,50945.95115280936,50413.21157437852,50619.747468581816,50167.066369448294,50294.06905041677,49915.69702930331,49902.8606539381,49545.26611685264,49293.48081038956,48832.95066990158,48187.01898701459,47403.75750224247,46126.255371517684,44678.334302511954,42422.85403518706,39823.891960754096,36109.82744075425,31726.191209152228,25926.650465109095,18991.032647730626,10345.483178473256,0.0
0.0,10814.94440015745,19773.408809616612,27284.49456849888,33214.14865110106,38221.96931551876,41885.68949347838,45101.394745217825,47157.72158567783,49171.07257675114,50150.93519944705,51413.85329453,51714.460002869564,52546.24393935643,52442.86744559007,53046.52000367132,52712.71995513811,53200.29058534915,52736.4362207225,53159.83162538121,52618.28391623298,52997.39940573448,52408.15082803078,52749.272815322016,52138.68112247569,52444.869074034585,51842.27384024196,52114.06316992567,51552.57410298408,51782.87677702838,51290.346144965355,51457.05883243419,51041.64789136061,51098.59734491744,50730.4826336389,50598.22159526146,50189.047598827456,49740.28163400616,49118.274975810586,48156.695335857476,47041.07482305596,45274.52471317529,43251.20754515966,40266.60062010331,36775.14728668328,32018.373797646742,26358.660189569415,19136.291465908384,10495.510370720862,0.0
0.0,10886.908313486569,20049.730714521054,27493.924661134246,33753.32889047204,38549.95868211036,42661.760687279726,45521.82657152168,48136.32311720143,49654.355374943254,51292.49343778548,51932.68351400284,52980.11957953812,53078.842457372666,53796.40620317899,53577.98310602442,54123.432589259544,53724.66403418699,54180.11785988527,53677.2172320695,54078.727568164104,53513.275011253754,53873.339103321174,53273.396035180725,53597.21257388191,52990.54671101507,53279.481917804085,52697.53280622805,52948.57124077169,52421.54478867262,52620.11303743556,52166.0029558202,52277.97333713248,51886.30094282529,51848.281316329994,51459.82298035836,51169.37306247034,50653.67688804332,49948.471311464666,49079.74880856053,47715.62277968119,46146.020772927564,43770.6432834715,41013.42295519276,37142.60473296876,32567.093013096746,26577.45712454178,19427.225350116205,10568.238679163916,0.0
0.0,11025.105336781126,20190.325012706195,27901.72003518278,34021.95782338794,39207.61596829389,43036.08151717202,46399.17217272437,48588.16248068327,50714.42486772324,51793.67271823229,53136.27181336087,53505.92671545608,54388.34435026545,54328.60132777713,54959.98131321964,54651.41224372912,55151.817494398194,54701.034661840225,55129.4253274116,54595.55968812722,54976.07374057654,54393.58222616739,54735.33977519092,54132.22313866228,54438.472277883906,53844.175716927486,54113.890964638966,53559.59890642407,53784.43301148025,53293.81583814927,53449.20044078424,53026.34889632958,53063.273343636465,52673.14216207873,52508.822860290544,52056.661499095615,51559.047051059504,50866.77331816882,49832.14238046147,48613.160475462566,46743.43693680918,44579.95208866497,41456.756506255355,37790.332398734616,32860.32475180052,26997.30142395475,19572.856082373393,10713.698222857076,0.0
0.0,11095.067543546553,20463.47969374519,28106.123347960693,34554.73379504324,39529.04711786148,43803.39730835462,46812.200034501824,49557.071772529125,51191.04775845722,52925.38356480349,53649.97475490528,54762.468751843895,54917.36746024409,55674.226392055774,55490.17886601029,56055.911527372264,55676.42337313551,56140.73792619867,55648.27875463873,56052.97206444681,55494.79069127869,55855.91467454767,55263.01897733312,55587.07189298749,54988.32934492696,55276.27859685905,54702.057449056134,54949.38353728195,54426.869234323996,54616.84874058498,54160.02608043173,54256.23538006808,53849.84599077842,53786.16889876439,53365.169321068955,53033.95701957856,52461.83374236694,51695.75805612382,50740.02939305647,49288.09478341806,47596.62284488393,45100.29110190383,42185.383014691455,38158.7149016891,33393.95357296274,27216.775299796052,19855.53021972334,10786.571388285365,0.0
0.0,11231.748500760712,20600.529135355868,28509.250904474167,34817.758780065145,40179.23246964906,44170.735064505425,47680.375512126004,50001.71311502897,52241.41117939058,53420.64683726807,54844.06408996864,55283.76383081077,56218.679486056215,56203.85145511391,56865.24847385216,56583.578289400364,57098.605113759375,56662.48556155889,57096.8844310656,56571.60554150149,56954.48454086229,56379.12459163411,56721.549863182685,56125.68146895343,56431.72792427534,55845.17087200432,56112.98136525508,55564.76942611634,55783.07410701332,55293.62930250633,55436.76369225752,55004.85724181675,55021.182729204505,54607.585052655355,54410.171184890416,53913.677772799085,53365.03064353665,52600.94646666312,51492.011720629205,50168.29183669474,48194.176728298975,45891.05904714568,42629.48467548705,38789.71353644831,33687.75316175971,27624.752890790798,20001.673577084897,10927.823524129946,0.0
0.0,11300.50999689321,20870.635977330512,28709.239332718807,35344.39796270842,40494.298242068624,44929.71994593261,48086.31195484178,50961.01945446942,52711.44430897193,54542.783663713926,55352.369971301065,56531.58026195216,56744.082546348414,57542.0434844039,57393.843157650954,57982.11220611152,57623.0687888066,58097.76127438895,57617.1089930152,58025.562168999626,57475.4779159007,57838.20979049947,57252.55986399693,57576.94932786159,56985.674845252004,57272.4985243382,56705.14464576279,56948.212140612195,56429.23121895369,56610.07339689711,56149.43726737095,56228.967653134416,55806.514509888075,55715.86279343284,55260.77901639077,54887.7677632722,54257.434739837074,53428.56009212265,52384.7890961442,50843.2324572439,49029.66711258683,46411.89366042308,43340.48892604813,39158.48228303956,34207.463086646516,27844.77618354187,20276.446033026434,11000.990278408648,0.0
0.0,11435.556426247542,21004.850773413433,29107.58856063607,35601.67202785989,41137.18659484098,45290.24485162995,48945.44438071868,51398.90477176838,53751.97768825895,55032.045080883785,56537.270279566175,57048.31188129057,58036.852740328024,58068.99736863795,58762.0388065672,58508.67942475863,59040.156651245095,58620.215483912594,59061.632699487905,58546.6697214681,58932.15179924473,58364.06216033058,58707.6564924704,58119.131254153996,58424.748106524676,57845.51876737725,58110.71028446346,57567.38624309411,57779.100655039736,57289.326139061246,57419.7232424931,56978.055988976004,56972.59283594526,56533.82223689432,56301.93507308305,55759.14947038221,55158.249721814915,54321.09703103989,53136.05341441297,51707.51520792545,49627.59853318582,47185.2116924557,43785.24961621966,39774.10360438654,34501.71870926871,28242.11051154772,20422.955471592417,11138.417808123175,0.0
0.0,11502.572657948542,21271.5321419091,29303.483372509938,36122.58566520409,41445.98872919193,46041.34373569735,49344.62550704744,52348.91888813813,54215.522880234836,56144.7537444613,57040.104429608975,58287.10778929339,58558.916849069414,59399.53358818138,59288.82040490526,59901.22293678493,59564.76321497159,60050.95356113102,59583.59220715776,59996.99800811988,59455.46535441815,59820.05183525797,59241.63409311736,59566.30228601857,58982.34900967323,59267.73947562922,58706.65287439434,58944.94534111039,58428.35887596284,58599.46789266446,58133.81443717785,58196.323148520634,57756.19844797991,57637.537382485105,57146.63785241355,56730.105711587836,56040.255655651665,55147.35475809985,54014.37991481964,52381.899432865335,50446.697633288306,47706.38229728796,44479.716153319074,40143.50998709687,35008.022725548966,28462.307855940115,20690.274141226302,11211.556859346063,0.0
0.0,11635.945506168764,21403.08348901494,29697.28968731916,36375.033758286976,42081.87304487663,46395.33886397963,50195.227300355546,52780.21505474956,55246.97323732615,56627.912286924824,58215.98695503767,58799.659546057126,59843.45322706214,59923.978968863375,60650.53458403925,60426.90336386585,60976.091357289486,60574.2028029785,61024.134872110524,60519.74363358003,60908.56870910269,60348.62493742229,60693.24107081243,60112.042122918414,60417.17619780735,59844.55912180358,60106.350843470056,59567.6120173138,59772.33032859771,59280.98279998194,59397.75788478985,58945.31342145634,58917.09295431638,58451.53896358735,58184.115633363515,57593.55581325637,56938.74041772966,56027.60368026654,54764.72889640219,53230.77448713058,51044.25929389408,48463.351723423024,44925.00642232843,40743.95282969014,35303.141620847666,28849.232545597657,20836.989692838444,11345.29766985143,0.0
0.0,11701.778023475985,21666.624630480525,29889.11713360012,36889.49739712048,42385.32440270912,47138.705608567725,50587.8338796358,53721.137058134205,55704.30509328994,57731.58112155956,58713.82436838057,60029.99715013229,60361.90206724001,61247.22768141292,61175.65787765345,61813.500830958,61500.68770316818,62000.15219112147,61547.019621048516,61966.5137159706,61434.303916834826,61801.08189888819,61230.431507090005,61555.35467556654,60978.38306008522,61261.7200187195,60706.16447147625,60939.522044779085,60424.27528844722,60585.08082106499,60113.31475861898,60157.44426467681,59698.58493301337,59550.77635307838,59022.520995755694,58561.60343845969,57810.81321476406,56851.88501481995,55629.22512379513,53904.725322645994,51847.07747922485,48984.61040865868,45603.9621757471,41114.103996580074,35796.61047718561,29070.06781927038,21097.276121623527,11418.768446760416,0.0
0.0,11833.35024622574,21795.599504880734,30278.24709785982,37137.41046937029,43014.37514158352,47486.717697018525,51430.09258564408,54146.23773684135,56726.431614703426,58209.07385497094,59880.84988938538,60537.92937741231,61638.74518446795,61768.98429200569,62530.607931789586,62338.30631005469,62906.90780980157,62524.03301854126,62983.44988012188,62490.73275251329,62883.88589198608,62332.34768404521,62678.067165183114,62104.52098673877,62408.455745974636,61842.45078208048,62100.76086226995,61565.19365646641,61762.44151131277,61268.806868481166,61371.20021608187,60906.20921036284,60854.20635395682,60360.69238986272,60056.104868070135,59416.80890677921,58706.88570150269,57720.22349804996,56378.45708921176,54738.2648278162,52444.658024356395,49725.71783934459,46049.462301636835,41700.44225718866,36091.99687618054,29447.080462565267,21244.716946741748,11548.733423455382,0.0
0.0,11898.006676447443,22055.831327988013,30466.652849774542,37646.44835649928,43311.974958493905,48222.29785764585,51816.66351002731,55078.3082279192,57177.74669929812,59303.80982777712,60373.62264417801,61759.82034263681,62153.6597493973,63084.70890277511,63053.792035219114,63718.9339794534,63431.064156989916,63945.354284990724,63507.543674275985,63933.76615878455,63411.49570252814,63781.103072534796,63218.5611787295,63543.34426701894,62973.448803724,63254.83676080191,62704.12376787157,62931.731060942715,62417.06650425786,62566.81587127486,62087.49311646268,62112.8781392336,61633.606121040335,61455.04446276914,60888.750579447595,60381.49986489666,59568.454985767865,58542.69973316739,57229.25737467532,55411.72125075584,53232.07505554007,50247.25983728446,46713.09651173647,42070.77369137475,36573.79976405454,29668.370416624148,21498.18991030382,11622.39161661809,0.0
0.0,12028.052106965079,22182.44323086556,30851.26082641179,37889.32747011252,43934.25993056077,48564.40714507377,52650.42448470103,55497.245727975926,58191.18730275527,59775.89930413877,61531.819505298976,62263.68582005478,63422.32853773713,63603.917230069004,64401.897020132186,64242.64756604991,64832.30991597331,64469.46863457263,64939.67267208902,64459.59313468058,64857.58306238564,64315.07864256171,64662.32863003845,64096.08863467763,64399.08952198363,63838.9560422443,64093.41077334727,63560.71702996927,63749.232838983466,63252.42225993945,63339.987595157996,62860.59614491135,62783.88545246781,62261.407270522104,61918.479886923495,61228.69837311352,60462.089422372344,59398.96991743821,57977.47487865592,56230.767535383195,53829.71099612072,50972.8665391705,47159.063386800466,42643.540747851046,36869.64396998969,30035.965788331665,21645.411996918894,11749.093639815248,0.0
0.0,12091.304574496515,22439.73131259217,31036.128605954345,38392.81100910635,44226.855405634735,49292.38904955097,53031.03373924222,56420.851207655294,58636.69839912617,60861.48883327901,62019.89829753711,63477.06863979603,63934.03057913788,64912.18123670332,64923.43757902532,65617.21617375154,65356.14273420007,65886.12554571027,65464.607205359964,65898.48971004505,65387.49941388601,65760.09128588178,65205.713064105745,65530.76458130503,64967.70304130935,65246.26101167657,64699.92377786138,64921.42504615788,64406.63683815108,64544.85295627225,64056.654010406935,64061.992545792535,63560.87999534641,63351.24789014655,62745.26802939683,62190.36861001435,61313.96132728223,60219.95395160817,58815.034414929054,56903.60547157835,54601.87400994602,51494.490923765254,47808.19321547453,43014.38816352343,37339.72567391005,30257.7227064498,21892.842227866768,11822.79121574184,0.0
0.0,12219.802160275101,22563.738068437335,31416.209058144515,38631.64561151702,44842.675927197255,49629.00571697259,53856.71871986372,56833.79888799089,59641.20843206481,61328.3210693519,63169.38178976012,63977.11195439824,65194.67522029766,65428.73329625192,66264.67103813682,66139.93333454453,66751.64217216911,66410.45670453834,66892.4891306062,66426.27453719746,66829.46768035766,66296.82268953454,66645.29691491922,66086.82813066005,66388.63724456541,65833.88933535716,66083.96876769926,65553.41469759046,65733.26244902483,65231.84375962614,65303.69312752734,64808.81977847448,64706.69324592803,64153.12085449615,63770.95503033268,63029.692068736316,62205.42060941388,61064.629235704866,59561.82874708461,57708.438159586796,55199.12001103863,52205.07606951662,48254.39101675266,43573.91979198497,37636.09440424306,30616.438408943508,22040.24696616843,11946.657054769497,0.0
0.0,12281.917630897813,22818.13136185401,31597.691839567757,39129.491075198355,45130.31264692316,50349.784137613846,54231.68590687104,57749.02388921888,60081.16677775976,62405.50553759484,63652.958856795,65181.98221199479,65703.0591881505,66729.64238005377,66784.32545695112,67508.29121793494,67275.20298703798,67822.17508670472,67418.64476650288,67861.07000164228,67361.82693828421,67737.50403524678,67191.7306954518,67516.99653047675,66960.4152678478,67236.51211540271,66693.82689085184,66908.88233803281,66392.74645286478,66518.70067167212,66020.45200417456,66005.32866384802,65480.94769162997,65238.90918774722,64591.62228591507,63988.35686715113,63047.38915001315,61883.72301738462,60386.65966853347,58380.64595557772,55956.937366489605,52726.775224020064,48889.675482627565,43945.5359504369,38095.01376405466,30838.34185618351,22281.797135115077,12020.249136807286,0.0
0.0,12409.154870399676,22939.781707725237,31974.04982599221,39364.18120690588,45739.7525548151,50681.12570300897,55049.51629369285,58156.64315865496,61077.36298386979,62867.150673263524,64793.754460923636,65678.10163122864,66955.89635808796,67243.65245965082,68119.07752669453,68029.93697535271,68665.27631920193,68346.9991501464,68841.48604360787,68390.30933012515,68799.32163293472,68276.90418564214,68627.47451258947,68076.31125895858,68376.97635276547,67827.14818340997,68072.71220241977,67543.28587413518,67713.90244904901,67206.65833321644,67262.11221895157,66750.63250238857,66622.28428065247,66036.65137766922,65613.8730977159,64819.441601546285,63936.019399762845,62717.094752443416,61132.241062633235,59171.83206167709,56553.85968493333,53423.355753768796,49336.40636443231,44492.45672467283,38392.07277784018,31188.585169489143,22429.360000129407,12141.078071867803,0.0
0.0,12469.929818520986,23191.77785180277,32152.034384478906,39856.99483181643,46022.724214861715,51394.923231449095,55418.87149839432,59063.41581227812,61511.956491466815,63935.555480980394,65272.58768732325,66874.89675481412,67460.95299315483,68537.50496982301,68636.9726384884,69392.25054098673,69188.59483956458,69753.38741182258,69368.79989816023,69820.49267421481,69333.66373559332,69713.53733170743,69176.7056298963,69502.07015501839,68952.10425518942,69224.95979379269,68685.38182885462,68893.62164068955,68374.98413173525,68488.13701514727,67978.8549573045,67942.33357300301,67393.73877248577,67118.15080178471,66428.26077803245,65774.99402798689,64768.35696643022,63534.13655744319,61944.647348816085,59843.08714056229,57297.552273807145,53945.3007414585,49957.985011894314,44864.28078197402,38840.67941546994,31410.884314164177,22664.829664023975,12214.712456441115,0.0
0.0,12595.958828613975,23311.063074731166,32524.44021092709,40087.5218515983,46626.11065418313,51720.76195858108,56229.5120638952,59465.38832972609,62499.74886825817,64392.39719360844,66405.29250113547,67366.84422578747,68706.31441967927,69049.157354011,69964.80173854224,69912.9098929933,70573.00667293077,70278.80243487086,70787.26521329234,70351.47268680882,70767.13400583774,70255.22946980514,70607.94816831483,70064.53090293733,70363.51374825176,69818.92886486079,70059.44540536361,69530.31110908059,69691.28298994,69177.00023357291,69215.3671702401,68686.25652639108,68530.4070753278,67911.11245397366,67446.72801287986,66598.35832409648,65654.86872144887,64356.6786096295,62688.63601106271,60621.310698977686,57894.36033628953,54627.721760245935,50404.8191692252,45399.28619150563,39137.48949125471,31752.8235460005,22812.821157948612,12332.426773564592,0.0
0.0,12655.598699579978,23560.184376545516,32699.42910847227,40575.35938242387,46904.28596521777,52427.893585698126,56593.01670823111,60364.649058206065,62928.94422587742,65452.83347105916,66879.68631320666,68556.01888534451,69208.11535922707,70335.7142408205,70481.0386039827,71268.98812029471,71095.92736592561,71680.30432478455,71315.42882104366,71777.21161448608,71303.40796611665,71687.69790309077,71159.98581454318,71485.78533380815,70941.72040949205,71211.6282354281,70674.97037502429,70875.69252187619,70353.79807196918,70453.4901632202,69931.66568711048,69873.07582232563,69298.7925161485,68988.6352927544,68255.1008546561,67551.03417803926,66477.54675695082,65171.81789656024,63489.18946741121,61291.5702551097,58624.529134353084,55149.6618672829,51013.46897218515,45771.16406408723,39576.14274948106,31975.230981009292,23042.899869447778,12406.522562004764,0.0
0.0,12780.187072803272,23677.62028383083,33067.82114378757,40801.87544226516,47501.67307987204,52748.832481668855,57396.38242541744,60760.96889639502,63908.974729922826,65904.29884998014,68004.6012253653,69043.88732788821,70445.95898507847,70844.65995292035,71802.3819640832,71788.72310704632,72474.63819374808,72205.65099293127,72728.86951706525,72309.56731077867,72732.61354867204,72231.9255125723,72586.7466447674,72051.12350146074,72348.82607943511,71808.53964912971,72043.7855238612,71514.5340178674,71664.8058084655,71142.80019096781,71163.30281799579,70615.45348592824,70431.06989671514,69777.08750102403,69269.88116421348,68366.28731788106,67361.51926019657,65983.5306248031,64231.78212548584,62056.80599283979,59220.831384122714,55819.08782745161,51460.52693893921,46295.0458686931,39873.296413717624,32309.60539159919,23190.750445593043,12521.584109862224,0.0
0.0,12839.040948733362,23924.222206566366,33239.732406077645,41284.69874157135,47775.44181892955,53449.102246689225,57755.15289153232,61652.8473781964,64332.66028628622,66957.04803521559,68474.23625960117,70225.30358506979,70944.36373027648,72124.25438618383,72316.51187575204,73138.62773801344,72997.37442204414,73601.98559516152,73258.00109121147,73730.89440036223,73270.79716199233,73659.58858491216,73141.66541536592,73467.98416229301,72929.96504186868,73196.37448049433,72661.73684906545,72854.45434614528,72328.67696887936,72414.1927601972,71879.41216590675,71797.3021230914,71196.30904985816,70850.58322391259,70071.80021226914,69315.885297237,68174.93095291677,66796.57523291346,65020.212877041304,62726.5648435093,59937.98527648231,56340.83782175837,52057.25207896295,46667.047778831315,40302.48926910939,32532.04938799744,23415.61013943304,12595.533157409132,0.0
0.0,12962.196714834858,24039.530172639195,33604.526939663614,41507.746574266734,48367.01958634318,53765.49230679121,58551.13570637619,62043.96214879151,65305.340210722024,67403.56241752733,69591.18663181267,70709.599360879,72174.83663912014,72630.62630463607,73631.36752588734,73656.9386071891,74370.3537172255,74127.95643055008,74666.63166015023,74264.4643167122,74695.27111080431,74206.39327069701,74564.05893133319,74036.00472026804,74332.18295655839,73795.83570923486,74025.4662113163,73495.28780693238,73634.40494066974,73104.12702106628,73106.0012142894,72538.03617595957,72323.92348664523,71634.25155784661,71083.32429345137,70123.33015375333,69056.50658813884,67597.5034293273,65761.582050564,63479.149166100586,60533.754438145654,56997.800641262635,52504.18027291369,47179.86870087143,40599.46884389008,32859.261146097146,23564.04950532287,12707.970854570973,0.0
0.0,13019.718211237736,24283.42343130701,33773.70834289955,41985.83706535499,48636.526490002885,54459.22625576779,58904.84668686507,62928.36365398664,65723.79299686037,68448.29910340616,70056.52566682584,71883.18402899655,72670.06229934939,73903.14068953622,74143.8310040497,75000.85810607306,74892.45516050704,75518.71497232546,75196.35625437928,75681.0633051647,75235.46196234536,75629.79677644637,75121.33451528028,75448.16737689286,74916.16960259294,75179.0700010398,74645.72309870837,74830.09454598463,74299.73220919177,74370.14475183329,73821.15300998844,73715.04582873198,73086.39783911049,72703.75683133853,71878.9623375164,71070.13028913784,69860.53306025494,68409.36878634003,66538.45905905799,64147.53236473253,61238.656441105144,57519.03797679164,53088.791944924385,47551.88093510757,41019.78483342658,33081.869557442245,23783.6777799256,12782.080002362556,0.0
0.0,13141.74836902615,24396.817587999885,34134.742740247966,42205.207073474834,49222.87489600891,54770.81211500557,59693.887183988525,63314.291561529986,66688.55367708951,68890.22375700164,71165.7269184808,72363.39395499568,73893.34006993564,74406.96238540746,75452.14483398713,75518.35373890097,76259.79191528825,76044.51545081807,76600.14153330994,76216.02205789195,76655.48582315921,76178.63847552077,76539.00430423405,76018.74553834074,76313.76145945222,75780.99741435783,76004.60154668761,75472.91262810487,75600.01687185041,75060.62831823647,75042.73324231539,74454.01485986453,74209.5246091857,73482.66574407168,72887.08727331222,71869.85295435641,70739.89233810864,69199.78163908841,67278.72822558672,64888.556649658196,61833.3754729797,58163.88965736181,53535.50527726505,48054.412642654606,41317.033272610955,33402.00010000741,23932.156514490685,12891.838100501527,0.0
0.0,13198.526217198987,24638.380219711722,34301.09575743526,42678.846138108085,49488.34894939448,55458.321810799505,60042.705438172234,64191.39824514801,67102.35174252665,69927.32810284189,71626.8678192041,73529.72235938524,74385.13328515465,75672.9453989776,75962.83691030437,76856.16479043313,76781.50356537834,77430.05592240924,77130.42924575803,77627.95420694139,77197.55842398125,77597.24691897017,77098.7634764127,77426.40161383942,76899.97654882989,77159.40831242006,76627.05112068029,76802.47972606854,76266.93906544698,76321.51430237696,75757.50202973731,75626.21785541273,74968.44275711972,74548.19669727742,73676.5135856037,72813.57028078,71534.81465434805,70009.4323716282,68044.35465873507,65556.139562592,62526.42893702963,58684.47741607711,54109.22868370515,48426.313109842085,41728.445542853005,33624.60353159555,24146.884197609077,12966.22898255367,0.0
0.0,13319.27258521082,24750.024818760783,34658.739543418465,42894.63943441808,50068.76277756279,55765.63163575028,60824.869458166424,64572.637810619635,68059.4868904418,70364.85007252343,72728.5892954662,74006.21236064163,75601.31331176155,76174.07408186908,77264.66175410207,77372.31489912221,78142.99906285657,77956.18294171577,78529.2105049277,78164.03190437396,78612.47951860951,78148.47868986247,78511.77589113754,77999.34256860481,78292.97292861926,77763.67589722166,77980.857059437,77446.92375666248,77562.16964738046,77012.54542624333,76974.10634404256,76362.95685382598,76087.29599867082,75322.44749633687,74681.03923474725,73605.66519537954,72411.562668267,70789.77602879131,68782.87485675093,66285.3963054452,63120.43088220813,59318.07579652666,54555.59835863605,48918.8745065798,42025.47592046032,33937.736600924145,24295.51000469001,13073.49241583101,0.0
